[{"id": "7b2a9afb-1293-49e5-8727-0cac91a62a25", "conversation_id": "836fc4c6-fa4c-46ec-946d-dc568d2e02a4", "user_id": "user-a1KHPqzm7XXYzg7O7jlqn3h3", "rating": "thumbsUp", "create_time": "2023-09-06T10:14:15.204253+00:00", "workspace_id": null, "content": "{\"text\": \"We did implemented this and able to see performance improvement without compromising existing functionality.\"}", "storage_protocol": "zstd::1.5.5.1"}, {"id": "09da6a9d-06bf-4ac1-8f2c-f0236d57b5c8", "conversation_id": "7197acfa-210d-4689-b6fb-8c2744e6b741", "user_id": "user-a1KHPqzm7XXYzg7O7jlqn3h3", "rating": "thumbsUp", "create_time": "2023-11-24T12:54:26.896036+00:00", "workspace_id": null, "content": "{}", "storage_protocol": "zstd::1.5.5.1"}, {"id": "cb6197fb-ac92-452f-8770-fd9f190a448f", "conversation_id": "5513067a-1f0a-4a4b-ad81-20130c78147e", "user_id": "user-a1KHPqzm7XXYzg7O7jlqn3h3", "rating": "thumbsUp", "create_time": "2024-01-04T04:44:45.114377+00:00", "workspace_id": null, "content": "{}", "storage_protocol": "zstd::1.5.5.1"}]