{
  "message": "Data Fetched Successfully",
  "data": {
    "availablecount": 10,
    "destinationResponse": [
      {
        "identifier": "hotel-1",
        "hotelId": "1",
        "hotelName": "Luxury Haven Resort",
        "maxGuest": 4,
        "rooms": 4,
        "hotelDescription": "Indulge in the ultimate luxury experience at the serene Luxury Haven Resort.",
        "villaType": "Luxury Villas",
        "location": "Paradise Island",
        "distance": "300 meters away from the pristine beach",
        "airportDistance": "25 KM from International Airport",
        "themes": ["Luxury Beachfront", "City Business"],
        "facilities": [
          {
            "title": "ACTIVITIES",
            "iconUrl": "image-0891ee9d255b03ddddac3c80e00c179c1e509cf8-72x72-png"
          },
          {
            "title": "HOTEL",
            "iconUrl": "image-6ce67b089d7320d0b1d75f3d08bf9107af5bbb0a-72x57-png"
          },
          {
            "title": "DINING",
            "iconUrl": "image-fbac762be575b15ec474d0c1be9b91a1865d79b1-54x54-png"
          },
          {
            "title": "J Wellness Circle",
            "iconUrl": "image-d2001ff8086779fafce3c4fe09639adba2b25d7e-78x60-png"
          },
          {
            "title": "ROOMS",
            "iconUrl": "image-08dafb4ab54fcd71cde9ad8918aabb94454f00c0-72x55-png"
          }
        ],
        "metaFacilities": [
          "Infinity Pool with Ocean View",
          "Michelin Star Restaurant",
          "Luxurious Spa",
          "Private Beach Access"
        ],
        "hotelImages": ["image-1.jpg", "image-2.jpg", "image-3.jpg"],
        "available": true,
        "tag": "Luxury Retreat",
        "totalinventory": "50 Villas Available",
        "bookentirevillatab": true,
        "bookbyroomtab": true,
        "villaprice": {
          "amount": 1500.0,
          "amountWithInclusiveTax": 1650.0,
          "amountWithTaxesFees": 1920.0,
          "mealtype": "Gourmet Breakfast Inclusive"
        },
        "roomprice": {
          "amount": 1200.0,
          "amountWithInclusiveTax": 1320.0,
          "amountWithTaxesFees": 1530.0,
          "mealtype": "Gourmet Breakfast Inclusive"
        }
      },
      {
        "identifier": "hotel-2",
        "hotelId": "2",
        "hotelName": "Luxury Haven Resort",
        "maxGuest": 5,
        "rooms": 4,
        "hotelDescription": "Indulge in the ultimate luxury experience at the serene Luxury Haven Resort.",
        "villaType": "Luxury Villas",
        "location": "Paradise Island",
        "distance": "200 meters away from the pristine beach",
        "airportDistance": "25 KM from International Airport",
        "themes": ["Luxury Beachfront", "City Business"],
        "facilities": [
          {
            "title": "ACTIVITIES",
            "iconUrl": "image-0891ee9d255b03ddddac3c80e00c179c1e509cf8-72x72-png"
          },
          {
            "title": "HOTEL",
            "iconUrl": "image-6ce67b089d7320d0b1d75f3d08bf9107af5bbb0a-72x57-png"
          }
        ],
        "metaFacilities": [
          "Infinity Pool with Ocean View",
          "Michelin Star Restaurant",
          "Luxurious Spa",
          "Private Beach Access"
        ],
        "hotelImages": ["image-1.jpg", "image-2.jpg", "image-3.jpg"],
        "available": true,
        "tag": "Luxury Retreat",
        "totalinventory": "50 Villas Available",
        "bookentirevillatab": true,
        "bookbyroomtab": false,
        "villaprice": {
          "amount": 2500.0,
          "amountWithInclusiveTax": 2650.0,
          "amountWithTaxesFees": 2920.0,
          "mealtype": "Gourmet Breakfast Inclusive"
        },
        "roomprice": {
          "amount": 2200.0,
          "amountWithInclusiveTax": 2320.0,
          "amountWithTaxesFees": 2530.0,
          "mealtype": "Gourmet Breakfast Inclusive"
        }
      },
      {
        "identifier": "hotel-3",
        "hotelId": "3",
        "hotelName": "Luxury Haven Resort",
        "maxGuest": 5,
        "rooms": 5,
        "hotelDescription": "Indulge in the ultimate luxury experience at the serene Luxury Haven Resort.",
        "villaType": "Luxury Villas",
        "location": "Paradise Island",
        "distance": "300 meters away from the pristine beach",
        "airportDistance": "25 KM from International Airport",
        "themes": ["Luxury Beachfront", "City Business", "Business"],
        "facilities": [
          {
            "title": "ACTIVITIES",
            "iconUrl": "image-0891ee9d255b03ddddac3c80e00c179c1e509cf8-72x72-png"
          },
          {
            "title": "HOTEL",
            "iconUrl": "image-6ce67b089d7320d0b1d75f3d08bf9107af5bbb0a-72x57-png"
          },
          {
            "title": "DINING",
            "iconUrl": "image-fbac762be575b15ec474d0c1be9b91a1865d79b1-54x54-png"
          }
        ],
        "metaFacilities": [
          "Infinity Pool with Ocean View",
          "Michelin Star Restaurant",
          "Luxurious Spa",
          "Private Beach Access"
        ],
        "hotelImages": ["image-1.jpg", "image-2.jpg", "image-3.jpg"],
        "available": true,
        "tag": "Luxury Retreat",
        "totalinventory": "50 Villas Available",
        "bookentirevillatab": true,
        "bookbyroomtab": true,
        "villaprice": {
          "amount": 1500.0,
          "amountWithInclusiveTax": 1650.0,
          "amountWithTaxesFees": 1920.0,
          "mealtype": "Gourmet Breakfast Inclusive"
        },
        "roomprice": {
          "amount": 1200.0,
          "amountWithInclusiveTax": 1320.0,
          "amountWithTaxesFees": 1530.0,
          "mealtype": "Gourmet Breakfast Inclusive"
        }
      },
      {
        "identifier": "hotel-4",
        "hotelId": "4",
        "hotelName": "Luxury Haven Resort",
        "maxGuest": 6,
        "rooms": 4,
        "hotelDescription": "Indulge in the ultimate luxury experience at the serene Luxury Haven Resort.",
        "villaType": "Luxury Villas",
        "location": "Paradise Island",
        "distance": "300 meters away from the pristine beach",
        "airportDistance": "45 KM from International Airport",
        "themes": ["Luxury Beachfront", "City Business", "City"],
        "facilities": [
          {
            "title": "ACTIVITIES",
            "iconUrl": "image-0891ee9d255b03ddddac3c80e00c179c1e509cf8-72x72-png"
          },
          {
            "title": "HOTEL",
            "iconUrl": "image-6ce67b089d7320d0b1d75f3d08bf9107af5bbb0a-72x57-png"
          },
          {
            "title": "DINING",
            "iconUrl": "image-fbac762be575b15ec474d0c1be9b91a1865d79b1-54x54-png"
          },
          {
            "title": "J Wellness Circle",
            "iconUrl": "image-d2001ff8086779fafce3c4fe09639adba2b25d7e-78x60-png"
          }
        ],
        "metaFacilities": [
          "Infinity Pool with Ocean View",
          "Michelin Star Restaurant",
          "Luxurious Spa",
          "Private Beach Access"
        ],
        "hotelImages": ["image-1.jpg", "image-2.jpg", "image-3.jpg"],
        "available": false,
        "tag": "Luxury Retreat",
        "totalinventory": "50 Villas Available",
        "bookentirevillatab": true,
        "bookbyroomtab": false,
        "villaprice": {
          "amount": 4500.0,
          "amountWithInclusiveTax": 4650.0,
          "amountWithTaxesFees": 4920.0,
          "mealtype": "Gourmet Breakfast Inclusive"
        },
        "roomprice": {
          "amount": 4200.0,
          "amountWithInclusiveTax": 4320.0,
          "amountWithTaxesFees": 4530.0,
          "mealtype": "Gourmet Breakfast Inclusive"
        }
      },
      {
        "identifier": "hotel-5",
        "hotelId": "5",
        "hotelName": "Luxury Haven Resort",
        "maxGuest": 8,
        "rooms": 6,
        "hotelDescription": "Indulge in the ultimate luxury experience at the serene Luxury Haven Resort.",
        "villaType": "Luxury Villas",
        "location": "Paradise Island",
        "distance": "500 meters away from the pristine beach",
        "airportDistance": "25 KM from International Airport",
        "themes": [
          "Luxury",
          "Beachfront",
          "City",
          "Business",
          "Family-friendly"
        ],
        "facilities": [
          {
            "title": "ACTIVITIES",
            "iconUrl": "image-0891ee9d255b03ddddac3c80e00c179c1e509cf8-72x72-png"
          },
          {
            "title": "HOTEL",
            "iconUrl": "image-6ce67b089d7320d0b1d75f3d08bf9107af5bbb0a-72x57-png"
          },
          {
            "title": "DINING",
            "iconUrl": "image-fbac762be575b15ec474d0c1be9b91a1865d79b1-54x54-png"
          },
          {
            "title": "J Wellness Circle",
            "iconUrl": "image-d2001ff8086779fafce3c4fe09639adba2b25d7e-78x60-png"
          },
          {
            "title": "ROOMS",
            "iconUrl": "image-08dafb4ab54fcd71cde9ad8918aabb94454f00c0-72x55-png"
          }
        ],
        "metaFacilities": [
          "Infinity Pool with Ocean View",
          "Michelin Star Restaurant",
          "Luxurious Spa",
          "Private Beach Access"
        ],
        "hotelImages": ["image-1.jpg", "image-2.jpg", "image-3.jpg"],
        "available": true,
        "tag": "Luxury Retreat",
        "totalinventory": "50 Villas Available",
        "bookentirevillatab": true,
        "bookbyroomtab": true,
        "villaprice": {
          "amount": 5500.0,
          "amountWithInclusiveTax": 5650.0,
          "amountWithTaxesFees": 5920.0,
          "mealtype": "Gourmet Breakfast Inclusive"
        },
        "roomprice": {
          "amount": 5200.0,
          "amountWithInclusiveTax": 5320.0,
          "amountWithTaxesFees": 5530.0,
          "mealtype": "Gourmet Breakfast Inclusive"
        }
      },
      {
        "identifier": "hotel-6",
        "hotelId": "6",
        "hotelName": "Luxury Haven Resort",
        "maxGuest": 8,
        "rooms": 5,
        "hotelDescription": "Indulge in the ultimate luxury experience at the serene Luxury Haven Resort.",
        "villaType": "Luxury Villas",
        "location": "Paradise Island",
        "distance": "300 meters away from the pristine beach",
        "airportDistance": "25 KM from International Airport",
        "themes": [
          "Luxury",
          "Beachfront",
          "City",
          "Business",
          "Family-friendly",
          "Historic"
        ],
        "facilities": [
          {
            "title": "ACTIVITIES",
            "iconUrl": "image-0891ee9d255b03ddddac3c80e00c179c1e509cf8-72x72-png"
          },
          {
            "title": "HOTEL",
            "iconUrl": "image-6ce67b089d7320d0b1d75f3d08bf9107af5bbb0a-72x57-png"
          },
          {
            "title": "DINING",
            "iconUrl": "image-fbac762be575b15ec474d0c1be9b91a1865d79b1-54x54-png"
          },
          {
            "title": "J Wellness Circle",
            "iconUrl": "image-d2001ff8086779fafce3c4fe09639adba2b25d7e-78x60-png"
          },
          {
            "title": "ROOMS",
            "iconUrl": "image-08dafb4ab54fcd71cde9ad8918aabb94454f00c0-72x55-png"
          },
          {
            "title": "CONTACT",
            "iconUrl": "image-986127afac51704f9281afb8a7d61502944d6863-17x24-svg"
          }
        ],
        "metaFacilities": [
          "Infinity Pool with Ocean View",
          "Michelin Star Restaurant",
          "Luxurious Spa",
          "Private Beach Access"
        ],
        "hotelImages": ["image-1.jpg", "image-2.jpg", "image-3.jpg"],
        "available": true,
        "tag": "Luxury Retreat",
        "totalinventory": "60 Villas Available",
        "bookentirevillatab": false,
        "bookbyroomtab": true,
        "villaprice": {
          "amount": 6500.0,
          "amountWithInclusiveTax": 6650.0,
          "amountWithTaxesFees": 6920.0,
          "mealtype": "Gourmet Breakfast Inclusive"
        },
        "roomprice": {
          "amount": 6200.0,
          "amountWithInclusiveTax": 6320.0,
          "amountWithTaxesFees": 6530.0,
          "mealtype": "Gourmet Breakfast Inclusive"
        }
      },
      {
        "identifier": "hotel-7",
        "hotelId": "7",
        "hotelName": "Luxury Haven Resort",
        "maxGuest": 4,
        "rooms": 2,
        "hotelDescription": "Indulge in the ultimate luxury experience at the serene Luxury Haven Resort.",
        "villaType": "Luxury Villas",
        "location": "Paradise Island",
        "distance": "300 meters away from the pristine beach",
        "airportDistance": "25 KM from International Airport",
        "themes": [
          "Luxury",
          "Beachfront",
          "City",
          "Business",
          "Family-friendly",
          "Historic",
          "Romantic"
        ],
        "facilities": [
          {
            "title": "ACTIVITIES",
            "iconUrl": "image-0891ee9d255b03ddddac3c80e00c179c1e509cf8-72x72-png"
          },
          {
            "title": "HOTEL",
            "iconUrl": "image-6ce67b089d7320d0b1d75f3d08bf9107af5bbb0a-72x57-png"
          },
          {
            "title": "DINING",
            "iconUrl": "image-fbac762be575b15ec474d0c1be9b91a1865d79b1-54x54-png"
          },
          {
            "title": "J Wellness Circle",
            "iconUrl": "image-d2001ff8086779fafce3c4fe09639adba2b25d7e-78x60-png"
          },
          {
            "title": "ROOMS",
            "iconUrl": "image-08dafb4ab54fcd71cde9ad8918aabb94454f00c0-72x55-png"
          },

          {
            "title": "Relaxing Natural Environment",
            "iconUrl": "image-986127afac51704f9281afb8a7d61502944d6863-17x24-svg"
          },
          {
            "title": "Lush Tropical Gardens",
            "iconUrl": "image-986127afac51704f9281afb8a7d61502944d6863-17x24-svg"
          },
          {
            "title": "Cozy Homestead Style",
            "iconUrl": "image-986127afac51704f9281afb8a7d61502944d6863-17x24-svg"
          },
          {
            "title": "Homemade Local Cuisine",
            "iconUrl": "image-986127afac51704f9281afb8a7d61502944d6863-17x24-svg"
          }
        ],
        "metaFacilities": [
          "Infinity Pool with Ocean View",
          "Michelin Star Restaurant",
          "Luxurious Spa",
          "Private Beach Access"
        ],
        "hotelImages": ["image-1.jpg", "image-2.jpg", "image-3.jpg"],
        "available": true,
        "tag": "Luxury Retreat",
        "totalinventory": "70 Villas Available",
        "bookentirevillatab": true,
        "bookbyroomtab": false,
        "villaprice": {
          "amount": 7500.0,
          "amountWithInclusiveTax": 6750.0,
          "amountWithTaxesFees": 7920.0,
          "mealtype": "Gourmet Breakfast Inclusive"
        },
        "roomprice": {
          "amount": 7200.0,
          "amountWithInclusiveTax": 7320.0,
          "amountWithTaxesFees": 7530.0,
          "mealtype": "Gourmet Breakfast Inclusive"
        }
      },
      {
        "identifier": "hotel-8",
        "hotelId": "8",
        "hotelName": "Luxury Haven Resort",
        "maxGuest": 3,
        "rooms": 2,
        "hotelDescription": "Indulge in the ultimate luxury experience at the serene Luxury Haven Resort.",
        "villaType": "Luxury Villas",
        "location": "Paradise Island",
        "distance": "80 meters away from the pristine beach",
        "airportDistance": "58 KM from International Airport",
        "themes": [
          "Luxury",
          "Beachfront",
          "City",
          "Business",
          "Family-friendly",
          "Historic"
        ],
        "facilities": [
          {
            "title": "ACTIVITIES",
            "iconUrl": "image-0891ee9d255b03ddddac3c80e00c179c1e509cf8-72x72-png"
          },
          {
            "title": "HOTEL",
            "iconUrl": "image-6ce67b089d7320d0b1d75f3d08bf9107af5bbb0a-72x57-png"
          },
          {
            "title": "DINING",
            "iconUrl": "image-fbac762be575b15ec474d0c1be9b91a1865d79b1-54x54-png"
          },
          {
            "title": "J Wellness Circle",
            "iconUrl": "image-d2001ff8086779fafce3c4fe09639adba2b25d7e-78x60-png"
          },
          {
            "title": "ROOMS",
            "iconUrl": "image-08dafb4ab54fcd71cde9ad8918aabb94454f00c0-72x55-png"
          },

          {
            "title": "Relaxing Natural Environment",
            "iconUrl": "image-986127afac51704f9281afb8a7d61502944d6863-17x24-svg"
          },
          {
            "title": "Lush Tropical Gardens",
            "iconUrl": "image-986127afac51704f9281afb8a7d61502944d6863-17x24-svg"
          },
          {
            "title": "Cozy Homestead Style",
            "iconUrl": "image-986127afac51704f9281afb8a7d61502944d6863-17x24-svg"
          }
        ],
        "metaFacilities": [
          "Infinity Pool with Ocean View",
          "Michelin Star Restaurant",
          "Luxurious Spa",
          "Private Beach Access"
        ],
        "hotelImages": ["image-1.jpg", "image-2.jpg", "image-3.jpg"],
        "available": true,
        "tag": "Luxury Retreat",
        "totalinventory": "70 Villas Available",
        "bookentirevillatab": true,
        "bookbyroomtab": true,
        "villaprice": {
          "amount": 8500.0,
          "amountWithInclusiveTax": 8750.0,
          "amountWithTaxesFees": 8920.0,
          "mealtype": "Gourmet Breakfast Inclusive"
        },
        "roomprice": {
          "amount": 8200.0,
          "amountWithInclusiveTax": 7320.0,
          "amountWithTaxesFees": 7530.0,
          "mealtype": "Gourmet Breakfast Inclusive"
        }
      },
      {
        "identifier": "hotel-9",
        "hotelId": "7",
        "hotelName": "Luxury Haven Resort",
        "maxGuest": 6,
        "rooms": 4,
        "hotelDescription": "Indulge in the ultimate luxury experience at the serene Luxury Haven Resort.",
        "villaType": "Luxury Villas",
        "location": "Paradise Island",
        "distance": "300 meters away from the pristine beach",
        "airportDistance": "25 KM from International Airport",
        "themes": [
          "Luxury",
          "Beachfront",
          "City",
          "Business",
          "Family-friendly",
          "Historic",
          "Romantic",
          "Mountain",
          "Adventure",
          "Nature"
        ],
        "facilities": [
          {
            "title": "ACTIVITIES",
            "iconUrl": "image-0891ee9d255b03ddddac3c80e00c179c1e509cf8-72x72-png"
          },
          {
            "title": "HOTEL",
            "iconUrl": "image-6ce67b089d7320d0b1d75f3d08bf9107af5bbb0a-72x57-png"
          },
          {
            "title": "DINING",
            "iconUrl": "image-fbac762be575b15ec474d0c1be9b91a1865d79b1-54x54-png"
          },
          {
            "title": "J Wellness Circle",
            "iconUrl": "image-d2001ff8086779fafce3c4fe09639adba2b25d7e-78x60-png"
          },
          {
            "title": "ROOMS",
            "iconUrl": "image-08dafb4ab54fcd71cde9ad8918aabb94454f00c0-72x55-png"
          },

          {
            "title": "Relaxing Natural Environment",
            "iconUrl": "image-986127afac51704f9281afb8a7d61502944d6863-17x24-svg"
          },
          {
            "title": "Lush Tropical Gardens",
            "iconUrl": "image-986127afac51704f9281afb8a7d61502944d6863-17x24-svg"
          }
        ],
        "metaFacilities": [
          "Infinity Pool with Ocean View",
          "Michelin Star Restaurant",
          "Luxurious Spa",
          "Private Beach Access"
        ],
        "hotelImages": ["image-1.jpg", "image-2.jpg", "image-3.jpg"],
        "available": true,
        "tag": "Luxury Retreat",
        "totalinventory": "70 Villas Available",
        "bookentirevillatab": true,
        "bookbyroomtab": false,
        "villaprice": {
          "amount": 9500.0,
          "amountWithInclusiveTax": 9750.0,
          "amountWithTaxesFees": 9920.0,
          "mealtype": "Gourmet Breakfast Inclusive"
        },
        "roomprice": {
          "amount": 9200.0,
          "amountWithInclusiveTax": 9320.0,
          "amountWithTaxesFees": 9530.0,
          "mealtype": "Gourmet Breakfast Inclusive"
        }
      },
      {
        "identifier": "hotel-10",
        "hotelId": "11",
        "hotelName": "Luxury Haven Resort",
        "maxGuest": 4,
        "rooms": 6,
        "hotelDescription": "Indulge in the ultimate luxury experience at the serene Luxury Haven Resort.",
        "villaType": "Luxury Villas",
        "location": "Paradise Island",
        "distance": "300 meters away from the pristine beach",
        "airportDistance": "25 KM from International Airport",
        "themes": ["Luxury", "Beachfront", "City", "Historic", "Romantic"],
        "facilities": [
          {
            "title": "Relaxing Natural Environment",
            "iconUrl": "image-986127afac51704f9281afb8a7d61502944d6863-17x24-svg"
          },
          {
            "title": "Lush Tropical Gardens",
            "iconUrl": "image-986127afac51704f9281afb8a7d61502944d6863-17x24-svg"
          },
          {
            "title": "Cozy Homestead Style",
            "iconUrl": "image-986127afac51704f9281afb8a7d61502944d6863-17x24-svg"
          },
          {
            "title": "Homemade Local Cuisine",
            "iconUrl": "image-986127afac51704f9281afb8a7d61502944d6863-17x24-svg"
          }
        ],
        "metaFacilities": [
          "Infinity Pool with Ocean View",
          "Michelin Star Restaurant",
          "Luxurious Spa",
          "Private Beach Access"
        ],
        "hotelImages": ["image-1.jpg", "image-2.jpg", "image-3.jpg"],
        "available": true,
        "tag": "Luxury Retreat",
        "totalinventory": "70 Villas Available",
        "bookentirevillatab": true,
        "bookbyroomtab": true,
        "villaprice": {
          "amount": 10500.0,
          "amountWithInclusiveTax": 10750.0,
          "amountWithTaxesFees": 10920.0,
          "mealtype": "Gourmet Breakfast Inclusive"
        },
        "roomprice": {
          "amount": 10200.0,
          "amountWithInclusiveTax": 10320.0,
          "amountWithTaxesFees": 10530.0,
          "mealtype": "Gourmet Breakfast Inclusive"
        }
      },

      {
        "identifier": "hotel-11",
        "hotelId": "11",
        "hotelName": "Luxury Haven Resort",
        "maxGuest": 4,
        "rooms": 4,
        "hotelDescription": "Indulge in the ultimate luxury experience at the serene Luxury Haven Resort.",
        "villaType": "Luxury Villas",
        "location": "Paradise Island",
        "distance": "300 meters away from the pristine beach",
        "airportDistance": "25 KM from International Airport",
        "themes": ["Luxury Beachfront"],
        "facilities": [
          {
            "title": "ACTIVITIES",
            "iconUrl": "image-0891ee9d255b03ddddac3c80e00c179c1e509cf8-72x72-png"
          }
        ],
        "metaFacilities": [
          "Infinity Pool with Ocean View",
          "Michelin Star Restaurant",
          "Luxurious Spa",
          "Private Beach Access"
        ],
        "hotelImages": ["image-1.jpg", "image-2.jpg", "image-3.jpg"],
        "available": true,
        "tag": "Luxury Retreat",
        "totalinventory": "50 Villas Available",
        "bookentirevillatab": true,
        "bookbyroomtab": true,
        "villaprice": {
          "amount": 1500.0,
          "amountWithInclusiveTax": 1650.0,
          "amountWithTaxesFees": 1920.0,
          "mealtype": "Gourmet Breakfast Inclusive"
        },
        "roomprice": {
          "amount": 1200.0,
          "amountWithInclusiveTax": 1320.0,
          "amountWithTaxesFees": 1530.0,
          "mealtype": "Gourmet Breakfast Inclusive"
        }
      },
      {
        "identifier": "hotel-12",
        "hotelId": "12",
        "hotelName": "Luxury Haven Resort",
        "maxGuest": 5,
        "rooms": 4,
        "hotelDescription": "Indulge in the ultimate luxury experience at the serene Luxury Haven Resort.",
        "villaType": "Luxury Villas",
        "location": "Paradise Island",
        "distance": "200 meters away from the pristine beach",
        "airportDistance": "25 KM from International Airport",
        "themes": ["Luxury Beachfront"],
        "facilities": [
          {
            "title": "HOTEL",
            "iconUrl": "image-6ce67b089d7320d0b1d75f3d08bf9107af5bbb0a-72x57-png"
          }
        ],
        "metaFacilities": [
          "Infinity Pool with Ocean View",
          "Michelin Star Restaurant",
          "Luxurious Spa",
          "Private Beach Access"
        ],
        "hotelImages": ["image-1.jpg", "image-2.jpg", "image-3.jpg"],
        "available": true,
        "tag": "Luxury Retreat",
        "totalinventory": "50 Villas Available",
        "bookentirevillatab": true,
        "bookbyroomtab": false,
        "villaprice": {
          "amount": 2500.0,
          "amountWithInclusiveTax": 2650.0,
          "amountWithTaxesFees": 2920.0,
          "mealtype": "Gourmet Breakfast Inclusive"
        },
        "roomprice": {
          "amount": 2200.0,
          "amountWithInclusiveTax": 2320.0,
          "amountWithTaxesFees": 2530.0,
          "mealtype": "Gourmet Breakfast Inclusive"
        }
      },
      {
        "identifier": "hotel-13",
        "hotelId": "13",
        "hotelName": "Luxury Haven Resort",
        "maxGuest": 5,
        "rooms": 5,
        "hotelDescription": "Indulge in the ultimate luxury experience at the serene Luxury Haven Resort.",
        "villaType": "Luxury Villas",
        "location": "Paradise Island",
        "distance": "300 meters away from the pristine beach",
        "airportDistance": "25 KM from International Airport",
        "themes": ["Luxury Beachfront", "City Business", "Business"],
        "facilities": [
          {
            "title": "ACTIVITIES",
            "iconUrl": "image-0891ee9d255b03ddddac3c80e00c179c1e509cf8-72x72-png"
          },
          {
            "title": "HOTEL",
            "iconUrl": "image-6ce67b089d7320d0b1d75f3d08bf9107af5bbb0a-72x57-png"
          },
          {
            "title": "DINING",
            "iconUrl": "image-fbac762be575b15ec474d0c1be9b91a1865d79b1-54x54-png"
          }
        ],
        "metaFacilities": [
          "Infinity Pool with Ocean View",
          "Michelin Star Restaurant",
          "Luxurious Spa",
          "Private Beach Access"
        ],
        "hotelImages": ["image-1.jpg", "image-2.jpg", "image-3.jpg"],
        "available": true,
        "tag": "Luxury Retreat",
        "totalinventory": "50 Villas Available",
        "bookentirevillatab": true,
        "bookbyroomtab": true,
        "villaprice": {
          "amount": 1500.0,
          "amountWithInclusiveTax": 1650.0,
          "amountWithTaxesFees": 1920.0,
          "mealtype": "Gourmet Breakfast Inclusive"
        },
        "roomprice": {
          "amount": 1200.0,
          "amountWithInclusiveTax": 1320.0,
          "amountWithTaxesFees": 1530.0,
          "mealtype": "Gourmet Breakfast Inclusive"
        }
      },
      {
        "identifier": "hotel-14",
        "hotelId": "14",
        "hotelName": "Luxury Haven Resort",
        "maxGuest": 6,
        "rooms": 4,
        "hotelDescription": "Indulge in the ultimate luxury experience at the serene Luxury Haven Resort.",
        "villaType": "Luxury Villas",
        "location": "Paradise Island",
        "distance": "300 meters away from the pristine beach",
        "airportDistance": "45 KM from International Airport",
        "themes": ["Luxury Beachfront", "City Business", "City"],
        "facilities": [
          {
            "title": "ACTIVITIES",
            "iconUrl": "image-0891ee9d255b03ddddac3c80e00c179c1e509cf8-72x72-png"
          },
          {
            "title": "HOTEL",
            "iconUrl": "image-6ce67b089d7320d0b1d75f3d08bf9107af5bbb0a-72x57-png"
          },
          {
            "title": "DINING",
            "iconUrl": "image-fbac762be575b15ec474d0c1be9b91a1865d79b1-54x54-png"
          },
          {
            "title": "J Wellness Circle",
            "iconUrl": "image-d2001ff8086779fafce3c4fe09639adba2b25d7e-78x60-png"
          }
        ],
        "metaFacilities": [
          "Infinity Pool with Ocean View",
          "Michelin Star Restaurant",
          "Luxurious Spa",
          "Private Beach Access"
        ],
        "hotelImages": ["image-1.jpg", "image-2.jpg", "image-3.jpg"],
        "available": false,
        "tag": "Luxury Retreat",
        "totalinventory": "50 Villas Available",
        "bookentirevillatab": true,
        "bookbyroomtab": false,
        "villaprice": {
          "amount": 4500.0,
          "amountWithInclusiveTax": 4650.0,
          "amountWithTaxesFees": 4920.0,
          "mealtype": "Gourmet Breakfast Inclusive"
        },
        "roomprice": {
          "amount": 4200.0,
          "amountWithInclusiveTax": 4320.0,
          "amountWithTaxesFees": 4530.0,
          "mealtype": "Gourmet Breakfast Inclusive"
        }
      },
      {
        "identifier": "hotel-15",
        "hotelId": "15",
        "hotelName": "Luxury Haven Resort",
        "maxGuest": 8,
        "rooms": 6,
        "hotelDescription": "Indulge in the ultimate luxury experience at the serene Luxury Haven Resort.",
        "villaType": "Luxury Villas",
        "location": "Paradise Island",
        "distance": "500 meters away from the pristine beach",
        "airportDistance": "25 KM from International Airport",
        "themes": [
          "Luxury",
          "Beachfront",
          "City",
          "Business",
          "Family-friendly"
        ],
        "facilities": [
          {
            "title": "ACTIVITIES",
            "iconUrl": "image-0891ee9d255b03ddddac3c80e00c179c1e509cf8-72x72-png"
          },
          {
            "title": "HOTEL",
            "iconUrl": "image-6ce67b089d7320d0b1d75f3d08bf9107af5bbb0a-72x57-png"
          },
          {
            "title": "DINING",
            "iconUrl": "image-fbac762be575b15ec474d0c1be9b91a1865d79b1-54x54-png"
          },
          {
            "title": "J Wellness Circle",
            "iconUrl": "image-d2001ff8086779fafce3c4fe09639adba2b25d7e-78x60-png"
          },
          {
            "title": "ROOMS",
            "iconUrl": "image-08dafb4ab54fcd71cde9ad8918aabb94454f00c0-72x55-png"
          }
        ],
        "metaFacilities": [
          "Infinity Pool with Ocean View",
          "Michelin Star Restaurant",
          "Luxurious Spa",
          "Private Beach Access"
        ],
        "hotelImages": ["image-1.jpg", "image-2.jpg", "image-3.jpg"],
        "available": true,
        "tag": "Luxury Retreat",
        "totalinventory": "50 Villas Available",
        "bookentirevillatab": true,
        "bookbyroomtab": true,
        "villaprice": {
          "amount": 5500.0,
          "amountWithInclusiveTax": 5650.0,
          "amountWithTaxesFees": 5920.0,
          "mealtype": "Gourmet Breakfast Inclusive"
        },
        "roomprice": {
          "amount": 5200.0,
          "amountWithInclusiveTax": 5320.0,
          "amountWithTaxesFees": 5530.0,
          "mealtype": "Gourmet Breakfast Inclusive"
        }
      },
      {
        "identifier": "hotel-16",
        "hotelId": "16",
        "hotelName": "Luxury Haven Resort",
        "maxGuest": 8,
        "rooms": 5,
        "hotelDescription": "Indulge in the ultimate luxury experience at the serene Luxury Haven Resort.",
        "villaType": "Luxury Villas",
        "location": "Paradise Island",
        "distance": "300 meters away from the pristine beach",
        "airportDistance": "25 KM from International Airport",
        "themes": [
          "Luxury",
          "Beachfront",
          "City",
          "Business",
          "Family-friendly",
          "Historic"
        ],
        "facilities": [
          {
            "title": "ACTIVITIES",
            "iconUrl": "image-0891ee9d255b03ddddac3c80e00c179c1e509cf8-72x72-png"
          },
          {
            "title": "HOTEL",
            "iconUrl": "image-6ce67b089d7320d0b1d75f3d08bf9107af5bbb0a-72x57-png"
          },
          {
            "title": "DINING",
            "iconUrl": "image-fbac762be575b15ec474d0c1be9b91a1865d79b1-54x54-png"
          },
          {
            "title": "J Wellness Circle",
            "iconUrl": "image-d2001ff8086779fafce3c4fe09639adba2b25d7e-78x60-png"
          },
          {
            "title": "ROOMS",
            "iconUrl": "image-08dafb4ab54fcd71cde9ad8918aabb94454f00c0-72x55-png"
          },
          {
            "title": "CONTACT",
            "iconUrl": "image-986127afac51704f9281afb8a7d61502944d6863-17x24-svg"
          }
        ],
        "metaFacilities": [
          "Infinity Pool with Ocean View",
          "Michelin Star Restaurant",
          "Luxurious Spa",
          "Private Beach Access"
        ],
        "hotelImages": ["image-1.jpg", "image-2.jpg", "image-3.jpg"],
        "available": true,
        "tag": "Luxury Retreat",
        "totalinventory": "60 Villas Available",
        "bookentirevillatab": false,
        "bookbyroomtab": true,
        "villaprice": {
          "amount": 6500.0,
          "amountWithInclusiveTax": 6650.0,
          "amountWithTaxesFees": 6920.0,
          "mealtype": "Gourmet Breakfast Inclusive"
        },
        "roomprice": {
          "amount": 6200.0,
          "amountWithInclusiveTax": 6320.0,
          "amountWithTaxesFees": 6530.0,
          "mealtype": "Gourmet Breakfast Inclusive"
        }
      },
      {
        "identifier": "hotel-17",
        "hotelId": "17",
        "hotelName": "Luxury Haven Resort",
        "maxGuest": 4,
        "rooms": 2,
        "hotelDescription": "Indulge in the ultimate luxury experience at the serene Luxury Haven Resort.",
        "villaType": "Luxury Villas",
        "location": "Paradise Island",
        "distance": "300 meters away from the pristine beach",
        "airportDistance": "25 KM from International Airport",
        "themes": [
          "Luxury",
          "Beachfront",
          "City",
          "Business",
          "Family-friendly",
          "Historic",
          "Romantic"
        ],
        "facilities": [
          {
            "title": "ACTIVITIES",
            "iconUrl": "image-0891ee9d255b03ddddac3c80e00c179c1e509cf8-72x72-png"
          },
          {
            "title": "HOTEL",
            "iconUrl": "image-6ce67b089d7320d0b1d75f3d08bf9107af5bbb0a-72x57-png"
          },
          {
            "title": "DINING",
            "iconUrl": "image-fbac762be575b15ec474d0c1be9b91a1865d79b1-54x54-png"
          },
          {
            "title": "J Wellness Circle",
            "iconUrl": "image-d2001ff8086779fafce3c4fe09639adba2b25d7e-78x60-png"
          },
          {
            "title": "ROOMS",
            "iconUrl": "image-08dafb4ab54fcd71cde9ad8918aabb94454f00c0-72x55-png"
          },

          {
            "title": "Relaxing Natural Environment",
            "iconUrl": "image-986127afac51704f9281afb8a7d61502944d6863-17x24-svg"
          },
          {
            "title": "Lush Tropical Gardens",
            "iconUrl": "image-986127afac51704f9281afb8a7d61502944d6863-17x24-svg"
          },
          {
            "title": "Cozy Homestead Style",
            "iconUrl": "image-986127afac51704f9281afb8a7d61502944d6863-17x24-svg"
          },
          {
            "title": "Homemade Local Cuisine",
            "iconUrl": "image-986127afac51704f9281afb8a7d61502944d6863-17x24-svg"
          }
        ],
        "metaFacilities": [
          "Infinity Pool with Ocean View",
          "Michelin Star Restaurant",
          "Luxurious Spa",
          "Private Beach Access"
        ],
        "hotelImages": ["image-1.jpg", "image-2.jpg", "image-3.jpg"],
        "available": true,
        "tag": "Luxury Retreat",
        "totalinventory": "70 Villas Available",
        "bookentirevillatab": true,
        "bookbyroomtab": false,
        "villaprice": {
          "amount": 7500.0,
          "amountWithInclusiveTax": 6750.0,
          "amountWithTaxesFees": 7920.0,
          "mealtype": "Gourmet Breakfast Inclusive"
        },
        "roomprice": {
          "amount": 7200.0,
          "amountWithInclusiveTax": 7320.0,
          "amountWithTaxesFees": 7530.0,
          "mealtype": "Gourmet Breakfast Inclusive"
        }
      },
      {
        "identifier": "hotel-18",
        "hotelId": "18",
        "hotelName": "Luxury Haven Resort",
        "maxGuest": 3,
        "rooms": 2,
        "hotelDescription": "Indulge in the ultimate luxury experience at the serene Luxury Haven Resort.",
        "villaType": "Luxury Villas",
        "location": "Paradise Island",
        "distance": "80 meters away from the pristine beach",
        "airportDistance": "58 KM from International Airport",
        "themes": [
          "Luxury",
          "Beachfront",
          "City",
          "Business",
          "Family-friendly",
          "Historic"
        ],
        "facilities": [
          {
            "title": "ACTIVITIES",
            "iconUrl": "image-0891ee9d255b03ddddac3c80e00c179c1e509cf8-72x72-png"
          },
          {
            "title": "HOTEL",
            "iconUrl": "image-6ce67b089d7320d0b1d75f3d08bf9107af5bbb0a-72x57-png"
          },
          {
            "title": "DINING",
            "iconUrl": "image-fbac762be575b15ec474d0c1be9b91a1865d79b1-54x54-png"
          },
          {
            "title": "J Wellness Circle",
            "iconUrl": "image-d2001ff8086779fafce3c4fe09639adba2b25d7e-78x60-png"
          },
          {
            "title": "ROOMS",
            "iconUrl": "image-08dafb4ab54fcd71cde9ad8918aabb94454f00c0-72x55-png"
          },

          {
            "title": "Relaxing Natural Environment",
            "iconUrl": "image-986127afac51704f9281afb8a7d61502944d6863-17x24-svg"
          },
          {
            "title": "Lush Tropical Gardens",
            "iconUrl": "image-986127afac51704f9281afb8a7d61502944d6863-17x24-svg"
          },
          {
            "title": "Cozy Homestead Style",
            "iconUrl": "image-986127afac51704f9281afb8a7d61502944d6863-17x24-svg"
          }
        ],
        "metaFacilities": [
          "Infinity Pool with Ocean View",
          "Michelin Star Restaurant",
          "Luxurious Spa",
          "Private Beach Access"
        ],
        "hotelImages": ["image-1.jpg", "image-2.jpg", "image-3.jpg"],
        "available": true,
        "tag": "Luxury Retreat",
        "totalinventory": "70 Villas Available",
        "bookentirevillatab": true,
        "bookbyroomtab": true,
        "villaprice": {
          "amount": 8500.0,
          "amountWithInclusiveTax": 8750.0,
          "amountWithTaxesFees": 8920.0,
          "mealtype": "Gourmet Breakfast Inclusive"
        },
        "roomprice": {
          "amount": 8200.0,
          "amountWithInclusiveTax": 7320.0,
          "amountWithTaxesFees": 7530.0,
          "mealtype": "Gourmet Breakfast Inclusive"
        }
      },
      {
        "identifier": "hotel-19",
        "hotelId": "19",
        "hotelName": "Luxury Haven Resort",
        "maxGuest": 6,
        "rooms": 4,
        "hotelDescription": "Indulge in the ultimate luxury experience at the serene Luxury Haven Resort.",
        "villaType": "Luxury Villas",
        "location": "Paradise Island",
        "distance": "300 meters away from the pristine beach",
        "airportDistance": "25 KM from International Airport",
        "themes": [
          "Luxury",
          "Beachfront",
          "City",
          "Business",
          "Family-friendly",
          "Historic",
          "Romantic",
          "Mountain",
          "Adventure",
          "Nature"
        ],
        "facilities": [
          {
            "title": "ACTIVITIES",
            "iconUrl": "image-0891ee9d255b03ddddac3c80e00c179c1e509cf8-72x72-png"
          },
          {
            "title": "HOTEL",
            "iconUrl": "image-6ce67b089d7320d0b1d75f3d08bf9107af5bbb0a-72x57-png"
          },
          {
            "title": "DINING",
            "iconUrl": "image-fbac762be575b15ec474d0c1be9b91a1865d79b1-54x54-png"
          },
          {
            "title": "J Wellness Circle",
            "iconUrl": "image-d2001ff8086779fafce3c4fe09639adba2b25d7e-78x60-png"
          },
          {
            "title": "ROOMS",
            "iconUrl": "image-08dafb4ab54fcd71cde9ad8918aabb94454f00c0-72x55-png"
          },

          {
            "title": "Relaxing Natural Environment",
            "iconUrl": "image-986127afac51704f9281afb8a7d61502944d6863-17x24-svg"
          },
          {
            "title": "Lush Tropical Gardens",
            "iconUrl": "image-986127afac51704f9281afb8a7d61502944d6863-17x24-svg"
          }
        ],
        "metaFacilities": [
          "Infinity Pool with Ocean View",
          "Michelin Star Restaurant",
          "Luxurious Spa",
          "Private Beach Access"
        ],
        "hotelImages": ["image-1.jpg", "image-2.jpg", "image-3.jpg"],
        "available": true,
        "tag": "Luxury Retreat",
        "totalinventory": "70 Villas Available",
        "bookentirevillatab": true,
        "bookbyroomtab": false,
        "villaprice": {
          "amount": 9500.0,
          "amountWithInclusiveTax": 9750.0,
          "amountWithTaxesFees": 9920.0,
          "mealtype": "Gourmet Breakfast Inclusive"
        },
        "roomprice": {
          "amount": 9200.0,
          "amountWithInclusiveTax": 9320.0,
          "amountWithTaxesFees": 9530.0,
          "mealtype": "Gourmet Breakfast Inclusive"
        }
      },
      {
        "identifier": "hotel-20",
        "hotelId": "20",
        "hotelName": "Luxury Haven Resort",
        "maxGuest": 4,
        "rooms": 6,
        "hotelDescription": "Indulge in the ultimate luxury experience at the serene Luxury Haven Resort.",
        "villaType": "Luxury Villas",
        "location": "Paradise Island",
        "distance": "300 meters away from the pristine beach",
        "airportDistance": "25 KM from International Airport",
        "themes": ["Luxury", "Beachfront", "City", "Historic", "Romantic"],
        "facilities": [
          {
            "title": "Relaxing Natural Environment",
            "iconUrl": "image-986127afac51704f9281afb8a7d61502944d6863-17x24-svg"
          },
          {
            "title": "Lush Tropical Gardens",
            "iconUrl": "image-986127afac51704f9281afb8a7d61502944d6863-17x24-svg"
          },
          {
            "title": "Cozy Homestead Style",
            "iconUrl": "image-986127afac51704f9281afb8a7d61502944d6863-17x24-svg"
          },
          {
            "title": "Homemade Local Cuisine",
            "iconUrl": "image-986127afac51704f9281afb8a7d61502944d6863-17x24-svg"
          }
        ],
        "metaFacilities": [
          "Infinity Pool with Ocean View",
          "Michelin Star Restaurant",
          "Luxurious Spa",
          "Private Beach Access"
        ],
        "hotelImages": ["image-1.jpg", "image-2.jpg", "image-3.jpg"],
        "available": true,
        "tag": "Luxury Retreat",
        "totalinventory": "70 Villas Available",
        "bookentirevillatab": true,
        "bookbyroomtab": true,
        "villaprice": {
          "amount": 10500.0,
          "amountWithInclusiveTax": 10750.0,
          "amountWithTaxesFees": 10920.0,
          "mealtype": "Gourmet Breakfast Inclusive"
        },
        "roomprice": {
          "amount": 10200.0,
          "amountWithInclusiveTax": 10320.0,
          "amountWithTaxesFees": 10530.0,
          "mealtype": "Gourmet Breakfast Inclusive"
        }
      }
    ]
  },
  "facets": {
    "facilities": [
      "ACTIVITIES",
      "HOTEL",
      "DINING",
      "J Wellness Circle",
      "ROOMS",
      "CONTACT",
      "Lush Tropical Gardens",
      "Cozy Homestead Style",
      "Homemade Local Cuisine",
      "Relaxing Natural Environment"
    ],
    "themes": [
      "Luxury",
      "Beachfront",
      "City",
      "Business",
      "Family-friendly",
      "Historic",
      "Romantic",
      "Mountain",
      "Adventure",
      "Nature"
    ]
  }
}
